[{"model": "cities.city", "pk": 1, "fields": {"name": "Рованці"}}, {"model": "cities.city", "pk": 2, "fields": {"name": "Луцьк"}}, {"model": "cities.city", "pk": 3, "fields": {"name": "Нововолинськ"}}, {"model": "cities.city", "pk": 5, "fields": {"name": "Лондон"}}, {"model": "cities.city", "pk": 7, "fields": {"name": "Амстердам"}}, {"model": "cities.city", "pk": 8, "fields": {"name": "Київ"}}, {"model": "cities.city", "pk": 10, "fields": {"name": "Ліон"}}, {"model": "cities.city", "pk": 12, "fields": {"name": "Варшава"}}, {"model": "cities.city", "pk": 13, "fields": {"name": "Берлін"}}, {"model": "cities.city", "pk": 14, "fields": {"name": "Рим"}}, {"model": "cities.city", "pk": 15, "fields": {"name": "Мадрид"}}, {"model": "cities.city", "pk": 16, "fields": {"name": "Хельсинкі"}}, {"model": "cities.city", "pk": 17, "fields": {"name": "Бірмінгем"}}, {"model": "cities.city", "pk": 18, "fields": {"name": "Аліканте"}}, {"model": "cities.city", "pk": 19, "fields": {"name": "Піза"}}, {"model": "cities.city", "pk": 20, "fields": {"name": "Венеція"}}, {"model": "cities.city", "pk": 21, "fields": {"name": "Прага"}}, {"model": "cities.city", "pk": 22, "fields": {"name": "Кельн"}}, {"model": "cities.city", "pk": 23, "fields": {"name": "Львів"}}, {"model": "cities.city", "pk": 24, "fields": {"name": "Рига"}}, {"model": "cities.city", "pk": 25, "fields": {"name": "Осло"}}, {"model": "cities.city", "pk": 26, "fields": {"name": "Копенгаген"}}, {"model": "routes.route", "pk": 1, "fields": {"name": "number1", "travel_times": 52, "from_city": 16, "to_city": 7, "trains": [3, 6, 4]}}, {"model": "routes.route", "pk": 2, "fields": {"name": "number2", "travel_times": 42, "from_city": 25, "to_city": 1, "trains": [15, 14]}}, {"model": "routes.route", "pk": 3, "fields": {"name": "number3", "travel_times": 37, "from_city": 25, "to_city": 1, "trains": [15, 16]}}, {"model": "routes.route", "pk": 5, "fields": {"name": "123", "travel_times": 37, "from_city": 25, "to_city": 1, "trains": [15, 11, 16]}}, {"model": "trains.train", "pk": 1, "fields": {"name": "tr1", "travel_time": 13, "from_city": 13, "to_city": 10}}, {"model": "trains.train", "pk": 3, "fields": {"name": "tr3", "travel_time": 12, "from_city": 13, "to_city": 2}}, {"model": "trains.train", "pk": 4, "fields": {"name": "tr4", "travel_time": 30, "from_city": 8, "to_city": 14}}, {"model": "trains.train", "pk": 5, "fields": {"name": "tr5", "travel_time": 25, "from_city": 13, "to_city": 12}}, {"model": "trains.train", "pk": 6, "fields": {"name": "tr6", "travel_time": 17, "from_city": 5, "to_city": 1}}, {"model": "trains.train", "pk": 7, "fields": {"name": "tr7", "travel_time": 55, "from_city": 19, "to_city": 21}}, {"model": "trains.train", "pk": 8, "fields": {"name": "tr8", "travel_time": 65, "from_city": 24, "to_city": 7}}, {"model": "trains.train", "pk": 9, "fields": {"name": "tr9", "travel_time": 55, "from_city": 1, "to_city": 20}}, {"model": "trains.train", "pk": 10, "fields": {"name": "tr10", "travel_time": 12, "from_city": 18, "to_city": 20}}, {"model": "trains.train", "pk": 11, "fields": {"name": "tr11", "travel_time": 10, "from_city": 25, "to_city": 26}}, {"model": "trains.train", "pk": 12, "fields": {"name": "tr12", "travel_time": 2, "from_city": 1, "to_city": 2}}, {"model": "trains.train", "pk": 13, "fields": {"name": "tr13", "travel_time": 20, "from_city": 18, "to_city": 26}}, {"model": "trains.train", "pk": 14, "fields": {"name": "tr14", "travel_time": 40, "from_city": 25, "to_city": 2}}, {"model": "trains.train", "pk": 15, "fields": {"name": "tf15", "travel_time": 2, "from_city": 2, "to_city": 1}}, {"model": "trains.train", "pk": 16, "fields": {"name": "tr16", "travel_time": 25, "from_city": 26, "to_city": 2}}, {"model": "trains.traintest", "pk": 1, "fields": {"name": "tr1", "from_city": 7}}, {"model": "trains.traintest", "pk": 2, "fields": {"name": "tr2", "from_city": 7}}]